{"gemma2-9b-it": {"course": {"acc": 0.4300000000000002, "l2_loss": 1.3900000000000008, "exp_loss": 3.50169179482411, "posY": 4, "negY": 3, "penalty_l2_loss": 0.16638095238095238, "penalty_exp_loss": 0.42668931204837834}, "book": {"acc": 0.46000000000000024, "l2_loss": 1.6500000000000004, "exp_loss": 5.22971422126286, "posY": 9, "negY": 0, "penalty_l2_loss": 0.18742857142857147, "penalty_exp_loss": 0.5941983796246152}, "cosmetic": {"acc": 0.4300000000000002, "l2_loss": 1.0800000000000005, "exp_loss": 3.206067947929229, "posY": 3, "negY": 2, "penalty_l2_loss": 0.12504761904761905, "penalty_exp_loss": 0.3817871878240751}, "movie": {"acc": 0.4521739130434785, "l2_loss": 0.6521739130434776, "exp_loss": 2.1037813241287497, "posY": 0, "negY": 0, "penalty_l2_loss": 0.08819875776397508, "penalty_exp_loss": 0.27978154528150534}, "total": {"acc": 0.44337349397590387, "l2_loss": 1.1734939759036147, "exp_loss": 3.4594752980154846, "posY": 16, "negY": 5, "penalty_l2_loss": 0.13982788296041307, "penalty_exp_loss": 0.4155237726676626}}, "gemma-7b-it": {"course": {"acc": 0.4000000000000002, "l2_loss": 1.7100000000000004, "exp_loss": 4.216309693592421, "posY": 5, "negY": 4, "penalty_l2_loss": 0.1712857142857144, "penalty_exp_loss": 0.4758904371967528}, "book": {"acc": 0.4200000000000002, "l2_loss": 1.3500000000000008, "exp_loss": 3.6771697733894, "posY": 3, "negY": 6, "penalty_l2_loss": 0.16090476190476194, "penalty_exp_loss": 0.44429463248846207}, "cosmetic": {"acc": 0.37000000000000016, "l2_loss": 1.4700000000000004, "exp_loss": 3.6850457700695083, "posY": 2, "negY": 9, "penalty_l2_loss": 0.16695238095238094, "penalty_exp_loss": 0.43384633326664573}, "movie": {"acc": 0.4173913043478263, "l2_loss": 1.2956521739130422, "exp_loss": 3.0980856050972556, "posY": 0, "negY": 10, "penalty_l2_loss": 0.14016563146997923, "penalty_exp_loss": 0.3825726037797813}, "total": {"acc": 0.4024096385542171, "l2_loss": 1.4506024096385541, "exp_loss": 3.648511730822451, "posY": 10, "negY": 29, "penalty_l2_loss": 0.15911646586345385, "penalty_exp_loss": 0.4322867222406287}}, "llama3-70b-8192": {"course": {"acc": 0.5300000000000002, "l2_loss": 1.0600000000000003, "exp_loss": 3.345816573349752, "posY": 2, "negY": 2, "penalty_l2_loss": 0.1388571428571429, "penalty_exp_loss": 0.41819888780462827}, "book": {"acc": 0.5100000000000002, "l2_loss": 1.4900000000000004, "exp_loss": 4.352899899141365, "posY": 4, "negY": 4, "penalty_l2_loss": 0.19290476190476186, "penalty_exp_loss": 0.5385478924355662}, "cosmetic": {"acc": 0.4400000000000002, "l2_loss": 1.2400000000000004, "exp_loss": 3.6405851660252146, "posY": 2, "negY": 5, "penalty_l2_loss": 0.16328571428571426, "penalty_exp_loss": 0.4627661339311993}, "movie": {"acc": 0.5913043478260867, "l2_loss": 0.7217391304347825, "exp_loss": 2.4376916003092295, "posY": 0, "negY": 3, "penalty_l2_loss": 0.10132505175983433, "penalty_exp_loss": 0.32257131905052916}, "total": {"acc": 0.5204819277108435, "l2_loss": 1.1132530120481932, "exp_loss": 3.4078667418968545, "posY": 8, "negY": 14, "penalty_l2_loss": 0.1473666092943201, "penalty_exp_loss": 0.43143853760951867}}, "llama3-8b-8192": {"course": {"acc": 0.35000000000000014, "l2_loss": 1.0200000000000002, "exp_loss": 2.7911824893259625, "posY": 2, "negY": 2, "penalty_l2_loss": 0.11890476190476194, "penalty_exp_loss": 0.33517904737234216}, "book": {"acc": 0.37000000000000016, "l2_loss": 1.4100000000000004, "exp_loss": 3.7295345419792163, "posY": 3, "negY": 3, "penalty_l2_loss": 0.155952380952381, "penalty_exp_loss": 0.42989760716305736}, "cosmetic": {"acc": 0.3000000000000001, "l2_loss": 1.3400000000000007, "exp_loss": 3.297466265091359, "posY": 0, "negY": 3, "penalty_l2_loss": 0.15200000000000005, "penalty_exp_loss": 0.39256347842453476}, "movie": {"acc": 0.3304347826086958, "l2_loss": 0.9913043478260856, "exp_loss": 2.7368489641226517, "posY": 0, "negY": 3, "penalty_l2_loss": 0.11660455486542431, "penalty_exp_loss": 0.3337255296903976}, "total": {"acc": 0.3373493975903616, "l2_loss": 1.1831325301204818, "exp_loss": 3.1242312301536357, "posY": 5, "negY": 11, "penalty_l2_loss": 0.13516924842226047, "penalty_exp_loss": 0.371427588458769}}}